OS;CLIENTE;PRODUTO;QTDE;LANÇAMENTO;ENTREGA;STATUS;OBSERVAÇÃO DA ÚLTIMA REUNIÃO SEMANAL
4808;USIMINAS IPATINGA;PERITAGEM EM DISJUNTOR;1;13/05/2026;31/10/2026;EM PRODUÇÃO;FINALIZANDO RELATÓRIO PARA ENVIO AO CLIENTE
4847;CSN PORTO;CHAVE CSR 65R;1;29/07/2026;06/10/2026;EM PRODUÇÃO;AJUSTES FINAIS - TESTES
1028;ASVOTEC TERMOINDUSTRIAL LTDA;CHAVE LIMITE FIM DE CURSO LFC-110;2;26/08/2026;09/10/2026;EM PRODUÇÃO;FINALIZANDO - PINTURA
4839;GERDAU SANTA CRUZ;REPARO EM COLETOR;1;11/08/2026;16/10/2026;CONCLUÍDA;ENTREGA NA DATA COMBINADA COM O CLIENTE
4865;BELGO J. MONL -ARCELOR MITTAL BRASIL S.A;CHAVE CE-81 - 02 CA NT SP CM SK 2S BC;3;27/08/2026;17/10/2026;CONCLUÍDA;CLIENTE COLETA
1026;EMH ELETROMECÂNICA E HIDRAULICA;CHAVE UM 1686 J;1;11/08/2026;23/10/2026;EM PRODUÇÃO;AJUSTES FINAIS - PREVISÃO 16/10
4863;ARCELOR-MITTAL TUBARÃO;CHAVE LIMITE FIM DE CURSO LFC-110 COM MICRO;1;26/08/2026;28/10/2026;EM PRODUÇÃO;OK - ENTREGA EXCELSIOR
1020;TERNIUM;REPARO EM DISJUNTOR ABB;1;03/08/2026;02/11/2026;EM PRODUÇÃO;POSSIBILIDADE DE ANTECIPAÇÃO PARA A PRIMEIRA QUINZENA DE OUTUBRO
1021;TERNIUM;REPARO EM DISJUNTOR ABB;1;03/08/2026;02/11/2026;EM PRODUÇÃO;POSSIBILIDADE DE ANTECIPAÇÃO PARA A PRIMEIRA QUINZENA DE OUTUBRO
4854;ARCELOR-MITTAL TUBARÃO;CHAVE CAC-61;3;07/08/2026;02/11/2026;EM PRODUÇÃO;EM MONTAGEM
4855;ARCELOR-MITTAL TUBARÃO;CHAVE CE-81;3;07/08/2026;02/11/2026;EM PRODUÇÃO;EM MONTAGEM
1006;USIMINAS IPATINGA;PLUGUEE TIPO MACHO PG 4273;4;11/06/2026;09/11/2026;EM PRODUÇÃO;VERIFICAR POSSIBILIDADE DE ANTECIPAÇÃO PARA A PRIMEIRA QUINZENA DE OUTUBRO
1007;USIMINAS IPATINGA;TOMADA TM 4274;4;11/06/2026;09/11/2026;EM PRODUÇÃO;VERIFICAR POSSIBILIDADE DE ANTECIPAÇÃO PARA A PRIMEIRA QUINZENA DE OUTUBRO
4858;ARCELOR-MITTAL TUBARÃO;CHAVE CAC-61;1;14/08/2026;11/11/2026;EM PRODUÇÃO;EM MONTAGEM
4859;ARCELOR-MITTAL TUBARÃO;CHAVE CAC-61;1;18/08/2026;12/11/2026;EM PRODUÇÃO;EM MONTAGEM
4861;ARCELOR-MITTAL TUBARÃO;CHAVE CE-81;1;19/08/2026;12/11/2026;EM PRODUÇÃO;
4864;ARCELOR-MITTAL TUBARÃO;CHAVE CE-81;4;26/08/2026;22/11/2026;EM PRODUÇÃO;
200;FERRO INDÚSTRIA;CHAVE CEN 86-B;2;03/09/2026;19/10/2026;EM PRODUÇÃO;
4867;CSN VR;CONTATOR EV-2123;2;03/09/2026;08/12/2026;EM PRODUÇÃO;
1037;USIMINAS IPATINGA;CAIXA TIPO TRANSMISSÃO (CABEÇOTE) EV-1276;2;09/09/2026;25/11/2026;EM PRODUÇÃO;
4869;TERNIUM;PANTÓGRAFO SA 4916;6;15/09/2026;14/11/2026;EM PRODUÇÃO;
4870;CSN VR;PANTÓGRAFO LONGITUDINAL MJ 1691B;1;15/09/2026;27/11/2026;EM PRODUÇÃO;
1039;ENERGY TECH;CONJUNTO DE PLUGUE MACHO E FEMEA SN-1604;2;18/09/2026;18/11/2026;EM PRODUÇÃO;
1040;USIMINAS IPATINGA;CHAVE LFC-110;7;21/09/2026;07/12/2026;EM PRODUÇÃO;
1041;FERRO INDÚSTRIA;SIRENE ELÉTRICA AM-2904;2;22/09/2026;27/11/2026;EM PRODUÇÃO;
4874;ARCELOR-MITTAL TUBARÃO;CHAVE CAC-61;1;28/09/2026;23/12/2026;REVISÃO DEP TEC;A/C MATHEUS - ESTRUTURA
4875;ARCELOR-MITTAL TUBARÃO;CHAVE CE-81;1;28/09/2026;23/12/2026;REVISÃO DEP TEC;A/C MATHEUS - ESTRUTURA
4876;UNIGAL;FREIO EV-5624;5;28/09/2026;13/12/2026;REVISÃO DEP TEC;
4877;CSN VR;CONTATOR EV-2123;1;01/10/2026;08/12/2026;EM PRODUÇÃO;
4878;VALE S.A.;CHAVE CENTRIFUGA CEN-95;1;01/10/2026;29/11/2026;REVISÃO DEP TEC;
4879;ARCELOR-MITTAL TUBARÃO;CHAVE CE-81;1;01/10/2026;18/12/2026;REVISÃO DEP TEC;A/C MATHEUS - ESTRUTURA
